{"cameraMode":{"drawMode":0,"name":"Shaded","section":"Shading Mode"},"sceneLighting":false,"audioPlay":false,"sceneViewState":{"showFog":true,"showMaterialUpdate":false,"showSkybox":false,"showFlares":true,"showImageEffects":true,"showParticleSystems":true},"in2DMode":false,"pivot":{"x":-0.11804767698049545,"y":6.7644476890563969,"z":1.9989793300628663},"rotation":{"x":-0.00008643342880532146,"y":0.9998055696487427,"z":-0.004499115981161594,"w":-0.019202018156647683},"size":0.398633748292923,"orthographic":false}