{"cameraMode":{"drawMode":0,"name":"Shaded","section":"Shading Mode"},"sceneLighting":false,"audioPlay":false,"sceneViewState":{"showFog":true,"showMaterialUpdate":false,"showSkybox":false,"showFlares":true,"showImageEffects":true,"showParticleSystems":true},"in2DMode":false,"pivot":{"x":-1.9065041542053223,"y":-0.03722834587097168,"z":1.0420514345169068},"rotation":{"x":0.17673832178115846,"y":-0.12363919615745545,"z":-0.02238103561103344,"w":-0.9762104749679565},"size":0.7038886547088623,"orthographic":true}