{"cameraMode":{"drawMode":0,"name":"Shaded","section":"Shading Mode"},"sceneLighting":false,"audioPlay":false,"sceneViewState":{"showFog":true,"showMaterialUpdate":false,"showSkybox":false,"showFlares":true,"showImageEffects":true,"showParticleSystems":true},"in2DMode":false,"pivot":{"x":1.6790000200271607,"y":0.12115145474672318,"z":-0.46000000834465029},"rotation":{"x":0.0014999723061919213,"y":0.005999957211315632,"z":-0.000008999943020171486,"w":0.9999808669090271},"size":10.0,"orthographic":true}