{"cameraMode":{"drawMode":0,"name":"Shaded","section":"Shading Mode"},"sceneLighting":false,"audioPlay":false,"sceneViewState":{"showFog":true,"showMaterialUpdate":false,"showSkybox":false,"showFlares":true,"showImageEffects":true,"showParticleSystems":true},"in2DMode":false,"pivot":{"x":-1.4754481315612794,"y":-0.013430267572402954,"z":1.5634765625},"rotation":{"x":-0.0005119317793287337,"y":0.9993247985839844,"z":-0.03312189504504204,"w":-0.016098184511065484},"size":0.2441823035478592,"orthographic":false}