{"cameraMode":{"drawMode":0,"name":"Shaded","section":"Shading Mode"},"sceneLighting":false,"audioPlay":false,"sceneViewState":{"showFog":true,"showMaterialUpdate":false,"showSkybox":false,"showFlares":true,"showImageEffects":true,"showParticleSystems":true},"in2DMode":false,"pivot":{"x":1.7355303764343262,"y":2.4198367595672609,"z":1.96061372756958},"rotation":{"x":-0.006895202677696943,"y":0.000018898666894529015,"z":0.000004875166268902831,"w":-0.9999792575836182},"size":0.7927326560020447,"orthographic":true}