{"cameraMode":{"drawMode":0,"name":"Shaded","section":"Shading Mode"},"sceneLighting":false,"audioPlay":false,"sceneViewState":{"showFog":true,"showMaterialUpdate":false,"showSkybox":false,"showFlares":true,"showImageEffects":true,"showParticleSystems":true},"in2DMode":false,"pivot":{"x":-4.555294036865234,"y":3.4489119052886965,"z":0.0030417442321777345},"rotation":{"x":-0.0005119317793287337,"y":0.9993247985839844,"z":-0.03312189504504204,"w":-0.016098184511065484},"size":0.2508487403392792,"orthographic":false}