{"cameraMode":{"drawMode":0,"name":"Shaded","section":"Shading Mode"},"sceneLighting":false,"audioPlay":false,"sceneViewState":{"showFog":true,"showMaterialUpdate":false,"showSkybox":false,"showFlares":true,"showImageEffects":true,"showParticleSystems":true},"in2DMode":false,"pivot":{"x":1.8665717840194703,"y":2.452225923538208,"z":1.9610650539398194},"rotation":{"x":0.07055611908435822,"y":0.022346854209899904,"z":-0.0015582223422825337,"w":0.9972606897354126},"size":2.1883223056793215,"orthographic":true}