{"cameraMode":{"drawMode":0,"name":"Shaded","section":"Shading Mode"},"sceneLighting":false,"audioPlay":false,"sceneViewState":{"showFog":true,"showMaterialUpdate":false,"showSkybox":false,"showFlares":true,"showImageEffects":true,"showParticleSystems":true},"in2DMode":false,"pivot":{"x":-2.938992977142334,"y":2.8914294242858888,"z":-0.45699775218963625},"rotation":{"x":-0.018126489594578744,"y":-0.023305198177695276,"z":0.0004008746182080358,"w":-0.9995677471160889},"size":0.3344234228134155,"orthographic":false}